timestamp,reading
1707189576.2246,Reading: 2.1 lbs
1707189576.31168,Reading: 2.1 lbs
1707189576.39938,Reading: 2.0 lbs
1707189576.48708,Reading: 2.0 lbs
1707189576.57484,Reading: 2.0 lbs
1707189576.662,Reading: 2.0 lbs
1707189576.75079,Reading: 2.0 lbs
1707189576.83702,Reading: 2.0 lbs
1707189576.92528,Reading: 2.0 lbs
1707189577.01296,Reading: 2.0 lbs
1707189577.10166,Reading: 2.0 lbs
1707189577.1887,Reading: 2.0 lbs
1707189577.27662,Reading: 1.9 lbs
1707189577.3648,Reading: 1.9 lbs
1707189577.45148,Reading: 1.9 lbs
1707189577.53967,Reading: 1.9 lbs
1707189577.62737,Reading: 1.9 lbs
1707189577.71501,Reading: 1.9 lbs
1707189577.8043,Reading: 1.9 lbs
1707189577.89033,Reading: 1.9 lbs
1707189577.97867,Reading: 1.9 lbs
1707189578.06498,Reading: 1.9 lbs
1707189578.15361,Reading: 1.9 lbs
1707189578.24154,Reading: 1.8 lbs
1707189578.32972,Reading: 1.8 lbs
1707189578.41645,Reading: 1.9 lbs
1707189578.50492,Reading: 1.9 lbs
1707189578.5921,Reading: 1.9 lbs
1707189578.6802,Reading: 1.9 lbs
1707189578.76742,Reading: 1.8 lbs
1707189578.85592,Reading: 1.7 lbs
1707189578.94304,Reading: 2.0 lbs
1707189579.03174,Reading: 2.0 lbs
1707189579.11814,Reading: 1.8 lbs
1707189579.20647,Reading: 1.8 lbs
1707189579.29461,Reading: 1.8 lbs
1707189579.38161,Reading: 1.9 lbs
1707189579.46982,Reading: 2.0 lbs
1707189579.55759,Reading: 2.0 lbs
1707189579.64542,Reading: 2.0 lbs
1707189579.7327,Reading: 2.0 lbs
1707189579.82051,Reading: 2.0 lbs
1707189579.90811,Reading: 2.0 lbs
1707189579.99589,Reading: 1.9 lbs
1707189580.0831,Reading: 1.9 lbs
1707189580.1715,Reading: 1.9 lbs
1707189580.25988,Reading: 1.9 lbs
1707189580.34594,Reading: 1.9 lbs
1707189580.43464,Reading: 1.9 lbs
1707189580.52293,Reading: 1.9 lbs
1707189580.61065,Reading: 1.9 lbs
1707189580.69762,Reading: 2.0 lbs
1707189580.78564,Reading: 2.0 lbs
1707189580.87303,Reading: 2.0 lbs
1707189580.96134,Reading: 2.1 lbs
1707189581.04865,Reading: 2.1 lbs
1707189581.13601,Reading: 2.2 lbs
1707189581.22479,Reading: 2.3 lbs
1707189581.31122,Reading: 2.4 lbs
1707189581.3996,Reading: 2.5 lbs
1707189581.4877,Reading: 2.6 lbs
1707189581.57543,Reading: 2.7 lbs
1707189581.66198,Reading: 2.8 lbs
1707189581.74967,Reading: 2.9 lbs
1707189581.83805,Reading: 2.9 lbs
1707189581.92694,Reading: 2.9 lbs
1707189582.0136,Reading: 3.0 lbs
1707189582.10164,Reading: 3.0 lbs
1707189582.18938,Reading: 2.9 lbs
1707189582.27737,Reading: 2.8 lbs
1707189582.36489,Reading: 2.6 lbs
1707189582.45205,Reading: 2.5 lbs
1707189582.54038,Reading: 2.4 lbs
1707189582.628,Reading: 2.3 lbs
1707189582.71506,Reading: 2.2 lbs
1707189582.80376,Reading: 2.2 lbs
1707189582.89166,Reading: 2.2 lbs
1707189582.97826,Reading: 2.2 lbs
1707189583.0661,Reading: 2.2 lbs
1707189583.15448,Reading: 2.2 lbs
1707189583.24234,Reading: 2.2 lbs
1707189583.32909,Reading: 2.3 lbs
1707189583.41756,Reading: 2.4 lbs
1707189583.50524,Reading: 2.4 lbs
1707189583.59359,Reading: 2.5 lbs
1707189583.68053,Reading: 2.8 lbs
1707189583.76834,Reading: 3.1 lbs
1707189583.85675,Reading: 3.7 lbs
1707189583.94488,Reading: 4.3 lbs
1707189584.03124,Reading: 4.7 lbs
1707189584.11946,Reading: 4.9 lbs
1707189584.20743,Reading: 5.0 lbs
1707189584.29558,Reading: 5.0 lbs
1707189584.3824,Reading: 5.1 lbs
1707189584.47022,Reading: 5.1 lbs
1707189584.55857,Reading: 5.1 lbs
1707189584.6467,Reading: 5.1 lbs
1707189584.73389,Reading: 5.2 lbs
1707189584.82186,Reading: 5.2 lbs
1707189584.90979,Reading: 5.3 lbs
1707189584.99649,Reading: 5.4 lbs
1707189585.08406,Reading: 5.7 lbs
1707189585.17227,Reading: 6.0 lbs
1707189585.26064,Reading: 6.4 lbs
1707189585.34781,Reading: 6.5 lbs
1707189585.43524,Reading: 6.7 lbs
1707189585.52364,Reading: 7.1 lbs
1707189585.61298,Reading: 7.5 lbs
1707189585.69809,Reading: 7.8 lbs
1707189585.78691,Reading: 8.1 lbs
1707189585.87462,Reading: 8.3 lbs
1707189585.96255,Reading: 8.4 lbs
1707189586.049,Reading: 8.4 lbs
1707189586.13749,Reading: 8.2 lbs
1707189586.22537,Reading: 8.0 lbs
1707189586.3136,Reading: 7.9 lbs
1707189586.40287,Reading: 8.2 lbs
1707189586.48859,Reading: 8.6 lbs
1707189586.57645,Reading: 9.0 lbs
1707189586.66389,Reading: 9.3 lbs
1707189586.75153,Reading: 9.5 lbs
1707189586.83979,Reading: 9.4 lbs
1707189586.92782,Reading: 9.3 lbs
1707189587.0147,Reading: 9.2 lbs
1707189587.10211,Reading: 9.2 lbs
1707189587.18983,Reading: 9.2 lbs
1707189587.27894,Reading: 9.1 lbs
1707189587.36508,Reading: 9.2 lbs
1707189587.45324,Reading: 9.1 lbs
1707189587.54137,Reading: 9.1 lbs
1707189587.62919,Reading: 9.0 lbs
1707189587.71684,Reading: 8.8 lbs
1707189587.80396,Reading: 8.7 lbs
1707189587.89215,Reading: 8.5 lbs
1707189587.98061,Reading: 8.5 lbs
1707189588.06772,Reading: 8.4 lbs
1707189588.15508,Reading: 8.4 lbs
1707189588.24329,Reading: 8.4 lbs
1707189588.32992,Reading: 8.4 lbs
1707189588.41892,Reading: 8.4 lbs
1707189588.50685,Reading: 8.2 lbs
1707189588.59426,Reading: 7.7 lbs
1707189588.68168,Reading: 7.1 lbs
1707189588.77041,Reading: 6.3 lbs
1707189588.85774,Reading: 5.5 lbs
1707189588.94507,Reading: 5.3 lbs
1707189589.03194,Reading: 5.3 lbs
1707189589.11993,Reading: 5.3 lbs
1707189589.20824,Reading: 5.4 lbs
1707189589.29619,Reading: 5.2 lbs
1707189589.38344,Reading: 5.0 lbs
1707189589.47134,Reading: 5.0 lbs
1707189589.5593,Reading: 5.0 lbs
1707189589.64723,Reading: 4.9 lbs
1707189589.73479,Reading: 4.8 lbs
1707189589.82269,Reading: 4.8 lbs
1707189589.91046,Reading: 4.7 lbs
1707189589.99734,Reading: 4.7 lbs
1707189590.08535,Reading: 4.6 lbs
1707189590.17556,Reading: 4.5 lbs
1707189590.26168,Reading: 4.5 lbs
1707189590.34865,Reading: 4.4 lbs
1707189590.43989,Reading: 4.3 lbs
1707189590.52443,Reading: 4.3 lbs
1707189590.6117,Reading: 4.3 lbs
1707189590.69975,Reading: 4.2 lbs
1707189590.78753,Reading: 4.3 lbs
1707189590.87528,Reading: 4.3 lbs
1707189590.96313,Reading: 4.4 lbs
1707189591.04993,Reading: 4.4 lbs
1707189591.13846,Reading: 4.4 lbs
1707189591.22664,Reading: 4.3 lbs
1707189591.31255,Reading: 4.3 lbs
1707189591.40124,Reading: 4.2 lbs
1707189591.48977,Reading: 4.2 lbs
1707189591.57691,Reading: 4.2 lbs
1707189591.66486,Reading: 4.2 lbs
1707189591.7526,Reading: 4.2 lbs
1707189591.84024,Reading: 4.2 lbs
1707189591.92839,Reading: 4.2 lbs
1707189592.01515,Reading: 4.1 lbs
1707189592.10345,Reading: 4.1 lbs
1707189592.19165,Reading: 4.0 lbs
1707189592.27931,Reading: 3.9 lbs
1707189592.36663,Reading: 3.8 lbs
1707189592.45695,Reading: 3.7 lbs
1707189592.54248,Reading: 3.7 lbs
1707189592.62941,Reading: 3.7 lbs
1707189592.71732,Reading: 3.7 lbs
1707189592.80499,Reading: 3.8 lbs
1707189592.89344,Reading: 3.8 lbs
1707189592.98008,Reading: 3.8 lbs
1707189593.06811,Reading: 3.8 lbs
1707189593.15687,Reading: 4.0 lbs
1707189593.24479,Reading: 4.1 lbs
1707189593.33123,Reading: 4.4 lbs
1707189593.4198,Reading: 4.7 lbs
1707189593.50699,Reading: 5.0 lbs
1707189593.5957,Reading: 5.3 lbs
1707189593.68204,Reading: 5.7 lbs
1707189593.77044,Reading: 5.9 lbs
1707189593.8582,Reading: 6.0 lbs
1707189593.94491,Reading: 6.0 lbs
1707189594.03337,Reading: 6.0 lbs
1707189594.12142,Reading: 6.0 lbs
1707189594.20912,Reading: 6.1 lbs
1707189594.29657,Reading: 6.1 lbs
1707189594.38442,Reading: 6.0 lbs
1707189594.47264,Reading: 6.0 lbs
1707189594.56049,Reading: 6.0 lbs
1707189594.647,Reading: 6.0 lbs
1707189594.73526,Reading: 5.9 lbs
1707189594.82372,Reading: 5.9 lbs
1707189594.91124,Reading: 5.9 lbs
1707189594.99867,Reading: 5.9 lbs
1707189595.08683,Reading: 6.0 lbs
1707189595.17431,Reading: 6.1 lbs
1707189595.26239,Reading: 6.2 lbs
1707189595.34988,Reading: 6.3 lbs
1707189595.43743,Reading: 6.3 lbs
1707189595.5256,Reading: 6.4 lbs
1707189595.61197,Reading: 6.5 lbs
1707189595.70063,Reading: 6.7 lbs
1707189595.78881,Reading: 7.0 lbs
1707189595.87648,Reading: 7.3 lbs
1707189595.96318,Reading: 7.6 lbs
1707189596.05164,Reading: 8.1 lbs
1707189596.13889,Reading: 8.5 lbs
1707189596.22733,Reading: 8.8 lbs
1707189596.31396,Reading: 9.0 lbs
1707189596.40274,Reading: 9.3 lbs
1707189596.4902,Reading: 9.6 lbs
1707189596.57811,Reading: 10.0 lbs
1707189596.66559,Reading: 10.3 lbs
1707189596.7542,Reading: 10.6 lbs
1707189596.84141,Reading: 10.8 lbs
1707189596.9295,Reading: 10.5 lbs
1707189597.01646,Reading: 9.9 lbs
1707189597.10446,Reading: 8.9 lbs
1707189597.19267,Reading: 8.1 lbs
1707189597.27911,Reading: 7.5 lbs
1707189597.36786,Reading: 6.7 lbs
1707189597.45568,Reading: 6.0 lbs
1707189597.54352,Reading: 5.3 lbs
1707189597.62989,Reading: 4.7 lbs
1707189597.71874,Reading: 4.3 lbs
1707189597.80596,Reading: 4.3 lbs
1707189597.89447,Reading: 4.5 lbs
1707189597.98163,Reading: 4.7 lbs
1707189598.06925,Reading: 5.3 lbs
1707189598.15702,Reading: 6.4 lbs
1707189598.24414,Reading: 6.5 lbs
1707189598.3327,Reading: 5.5 lbs
1707189598.42017,Reading: 4.8 lbs
1707189598.50814,Reading: 5.0 lbs
1707189598.59554,Reading: 5.9 lbs
1707189598.68275,Reading: 6.2 lbs
1707189598.77136,Reading: 6.6 lbs
1707189598.859,Reading: 7.0 lbs
1707189598.94678,Reading: 7.2 lbs
1707189599.03436,Reading: 7.2 lbs
1707189599.12265,Reading: 7.6 lbs
1707189599.21039,Reading: 7.9 lbs
1707189599.29784,Reading: 8.0 lbs
1707189599.38544,Reading: 8.0 lbs
1707189599.47362,Reading: 8.2 lbs
1707189599.56147,Reading: 8.4 lbs
1707189599.64803,Reading: 8.5 lbs
1707189599.73619,Reading: 8.5 lbs
1707189599.82445,Reading: 8.5 lbs
1707189599.91345,Reading: 8.6 lbs
1707189599.99909,Reading: 8.6 lbs
1707189600.0872,Reading: 8.6 lbs
1707189600.17513,Reading: 8.6 lbs
1707189600.26335,Reading: 8.6 lbs
1707189600.35054,Reading: 8.4 lbs
1707189600.4379,Reading: 8.3 lbs
1707189600.52655,Reading: 8.2 lbs
1707189600.61385,Reading: 8.0 lbs
1707189600.7017,Reading: 7.8 lbs
1707189600.79207,Reading: 7.4 lbs
1707189600.87691,Reading: 7.2 lbs
1707189600.96397,Reading: 7.2 lbs
1707189601.05226,Reading: 7.2 lbs
1707189601.1406,Reading: 7.3 lbs
1707189601.22794,Reading: 7.2 lbs
1707189601.31488,Reading: 7.1 lbs
1707189601.40362,Reading: 6.7 lbs
1707189601.49142,Reading: 6.6 lbs
1707189601.57958,Reading: 6.6 lbs
1707189601.66652,Reading: 6.5 lbs
1707189601.75471,Reading: 6.1 lbs
1707189601.8425,Reading: 5.7 lbs
1707189601.93046,Reading: 5.7 lbs
1707189602.01715,Reading: 5.7 lbs
1707189602.10536,Reading: 5.8 lbs
1707189602.19346,Reading: 5.8 lbs
1707189602.28162,Reading: 5.8 lbs
1707189602.36839,Reading: 5.7 lbs
1707189602.45684,Reading: 5.6 lbs
1707189602.54475,Reading: 5.6 lbs
1707189602.63213,Reading: 5.6 lbs
1707189602.71972,Reading: 5.6 lbs
1707189602.80748,Reading: 5.5 lbs
1707189602.89574,Reading: 5.4 lbs
1707189602.98333,Reading: 5.5 lbs
1707189603.07015,Reading: 5.6 lbs
1707189603.1584,Reading: 5.5 lbs
1707189603.24672,Reading: 5.5 lbs
1707189603.33435,Reading: 5.5 lbs
1707189603.42122,Reading: 5.4 lbs
1707189603.50931,Reading: 5.5 lbs
1707189603.59761,Reading: 5.5 lbs
1707189603.68547,Reading: 5.4 lbs
1707189603.77218,Reading: 5.3 lbs
1707189603.86005,Reading: 5.3 lbs
1707189603.94785,Reading: 5.3 lbs
1707189604.03653,Reading: 5.3 lbs
1707189604.12328,Reading: 5.2 lbs
1707189604.21147,Reading: 5.1 lbs
1707189604.29911,Reading: 4.9 lbs
1707189604.38753,Reading: 5.0 lbs
1707189604.47449,Reading: 5.3 lbs
1707189604.5622,Reading: 5.3 lbs
1707189604.65095,Reading: 5.3 lbs
1707189604.73834,Reading: 5.3 lbs
1707189604.82527,Reading: 5.2 lbs
1707189604.91382,Reading: 5.2 lbs
1707189605.00143,Reading: 5.1 lbs
1707189605.0887,Reading: 5.1 lbs
1707189605.17593,Reading: 5.1 lbs
1707189605.26436,Reading: 5.1 lbs
1707189605.35191,Reading: 5.1 lbs
1707189605.44044,Reading: 5.0 lbs
1707189605.52691,Reading: 5.0 lbs
1707189605.61554,Reading: 5.1 lbs
1707189605.70354,Reading: 5.2 lbs
1707189605.79178,Reading: 5.7 lbs
1707189605.87791,Reading: 6.3 lbs
1707189605.96633,Reading: 6.8 lbs
1707189606.05462,Reading: 7.0 lbs
1707189606.14247,Reading: 7.2 lbs
1707189606.22886,Reading: 7.3 lbs
1707189606.3176,Reading: 7.3 lbs
1707189606.40556,Reading: 7.4 lbs
1707189606.49301,Reading: 7.4 lbs
1707189606.57969,Reading: 7.3 lbs
1707189606.66826,Reading: 7.2 lbs
1707189606.7565,Reading: 6.9 lbs
1707189606.84482,Reading: 6.6 lbs
1707189606.93139,Reading: 6.5 lbs
1707189607.01966,Reading: 6.5 lbs
1707189607.10744,Reading: 6.4 lbs
1707189607.19513,Reading: 6.3 lbs
1707189607.28228,Reading: 6.3 lbs
1707189607.37055,Reading: 6.3 lbs
1707189607.45835,Reading: 6.4 lbs
1707189607.54673,Reading: 6.6 lbs
1707189607.63461,Reading: 7.1 lbs
1707189607.72185,Reading: 7.6 lbs
1707189607.8095,Reading: 8.0 lbs
1707189607.89693,Reading: 8.2 lbs
1707189607.98548,Reading: 8.4 lbs
1707189608.07243,Reading: 8.7 lbs
1707189608.16027,Reading: 8.9 lbs
1707189608.24851,Reading: 9.0 lbs
1707189608.33668,Reading: 9.0 lbs
1707189608.42451,Reading: 8.9 lbs
1707189608.51151,Reading: 8.9 lbs
1707189608.59962,Reading: 8.9 lbs
1707189608.68733,Reading: 9.0 lbs
1707189608.7746,Reading: 9.1 lbs
1707189608.86278,Reading: 9.2 lbs
1707189608.95042,Reading: 9.3 lbs
1707189609.03857,Reading: 9.3 lbs
1707189609.12518,Reading: 9.3 lbs
1707189609.21382,Reading: 9.3 lbs
1707189609.30136,Reading: 9.2 lbs
1707189609.38911,Reading: 9.2 lbs
1707189609.47653,Reading: 9.4 lbs
1707189609.56407,Reading: 9.8 lbs
1707189609.65218,Reading: 10.2 lbs
1707189609.73949,Reading: 10.4 lbs
1707189609.8277,Reading: 10.9 lbs
1707189609.91544,Reading: 11.0 lbs
1707189610.00299,Reading: 11.1 lbs
1707189610.09144,Reading: 11.3 lbs
1707189610.17859,Reading: 11.5 lbs
1707189610.26676,Reading: 11.7 lbs
1707189610.35396,Reading: 12.0 lbs
1707189610.44264,Reading: 12.0 lbs
1707189610.53,Reading: 11.9 lbs
1707189610.61758,Reading: 11.9 lbs
1707189610.70581,Reading: 11.8 lbs
1707189610.79348,Reading: 11.6 lbs
1707189610.88134,Reading: 11.5 lbs
1707189610.968,Reading: 11.8 lbs
1707189611.05674,Reading: 11.6 lbs
1707189611.1444,Reading: 10.8 lbs
1707189611.23203,Reading: 10.6 lbs
1707189611.31967,Reading: 11.0 lbs
1707189611.4076,Reading: 10.9 lbs
1707189611.49558,Reading: 10.8 lbs
1707189611.58363,Reading: 10.9 lbs
1707189611.67051,Reading: 10.9 lbs
1707189611.75875,Reading: 10.5 lbs
1707189611.84667,Reading: 10.4 lbs
1707189611.93406,Reading: 10.3 lbs
1707189612.0226,Reading: 10.2 lbs
1707189612.10973,Reading: 10.2 lbs
1707189612.19721,Reading: 10.0 lbs
1707189612.28581,Reading: 9.7 lbs
1707189612.3722,Reading: 9.5 lbs
1707189612.46009,Reading: 9.3 lbs
1707189612.54841,Reading: 9.0 lbs
1707189612.63669,Reading: 8.8 lbs
1707189612.72472,Reading: 8.8 lbs
1707189612.81165,Reading: 8.7 lbs
1707189612.89882,Reading: 8.8 lbs
1707189612.98755,Reading: 8.8 lbs
1707189613.07563,Reading: 8.7 lbs
1707189613.16224,Reading: 8.6 lbs
1707189613.25026,Reading: 8.4 lbs
1707189613.3383,Reading: 8.3 lbs
1707189613.42588,Reading: 8.2 lbs
1707189613.51354,Reading: 8.1 lbs
1707189613.60161,Reading: 8.2 lbs
1707189613.68942,Reading: 8.0 lbs
1707189613.77691,Reading: 7.7 lbs
1707189613.86469,Reading: 7.3 lbs
1707189613.9518,Reading: 6.9 lbs
1707189614.04008,Reading: 6.6 lbs
1707189614.12755,Reading: 6.3 lbs
1707189614.2157,Reading: 5.9 lbs
1707189614.30323,Reading: 5.7 lbs
1707189614.39154,Reading: 5.6 lbs
1707189614.4789,Reading: 5.5 lbs
1707189614.56685,Reading: 5.5 lbs
1707189614.6542,Reading: 5.7 lbs
1707189614.74241,Reading: 5.8 lbs
1707189614.83041,Reading: 5.8 lbs
1707189614.91789,Reading: 5.8 lbs
1707189615.00579,Reading: 5.7 lbs
1707189615.09314,Reading: 5.7 lbs
1707189615.18119,Reading: 5.7 lbs
1707189615.26896,Reading: 5.7 lbs
1707189615.35653,Reading: 5.7 lbs
1707189615.44423,Reading: 5.6 lbs
1707189615.53259,Reading: 5.6 lbs
1707189615.61992,Reading: 5.5 lbs
1707189615.70751,Reading: 5.5 lbs
1707189615.79576,Reading: 5.4 lbs
1707189615.88329,Reading: 5.4 lbs
1707189615.97155,Reading: 5.4 lbs
1707189616.06211,Reading: 5.4 lbs
1707189616.14654,Reading: 5.4 lbs
1707189616.23471,Reading: 5.4 lbs
1707189616.32244,Reading: 5.5 lbs
1707189616.41,Reading: 5.7 lbs
1707189616.49717,Reading: 6.6 lbs
1707189616.58527,Reading: 7.4 lbs
1707189616.67313,Reading: 7.9 lbs
1707189616.76288,Reading: 8.4 lbs
1707189616.84762,Reading: 8.9 lbs
1707189616.93652,Reading: 9.1 lbs
1707189617.02461,Reading: 9.0 lbs
1707189617.11275,Reading: 8.9 lbs
1707189617.19988,Reading: 8.4 lbs
1707189617.28707,Reading: 7.9 lbs
1707189617.37576,Reading: 7.7 lbs
1707189617.46297,Reading: 7.4 lbs
1707189617.5512,Reading: 7.1 lbs
1707189617.63816,Reading: 6.9 lbs
1707189617.72863,Reading: 6.7 lbs
1707189617.81424,Reading: 6.4 lbs
1707189617.90269,Reading: 5.9 lbs
1707189617.98951,Reading: 5.4 lbs
1707189618.07691,Reading: 5.2 lbs
1707189618.16514,Reading: 5.3 lbs
1707189618.25329,Reading: 5.6 lbs
1707189618.34026,Reading: 5.7 lbs
1707189618.42799,Reading: 5.6 lbs
1707189618.51619,Reading: 5.6 lbs
1707189618.60454,Reading: 5.7 lbs
1707189618.69226,Reading: 5.7 lbs
1707189618.77922,Reading: 5.8 lbs
1707189618.86759,Reading: 5.7 lbs
1707189618.95484,Reading: 5.7 lbs
1707189619.04498,Reading: 5.7 lbs
1707189619.13026,Reading: 5.7 lbs
1707189619.218,Reading: 5.7 lbs
1707189619.30656,Reading: 5.7 lbs
1707189619.39455,Reading: 5.7 lbs
1707189619.48217,Reading: 5.7 lbs
1707189619.56943,Reading: 5.7 lbs
1707189619.65731,Reading: 5.7 lbs
1707189619.74544,Reading: 5.6 lbs
1707189619.83305,Reading: 5.6 lbs
1707189619.91977,Reading: 5.5 lbs
1707189620.00843,Reading: 5.5 lbs
1707189620.09665,Reading: 5.6 lbs
1707189620.18381,Reading: 5.6 lbs
1707189620.27234,Reading: 5.8 lbs
1707189620.35955,Reading: 5.9 lbs
1707189620.44716,Reading: 5.9 lbs
1707189620.53567,Reading: 6.0 lbs
1707189620.6248,Reading: 6.1 lbs
1707189620.71171,Reading: 6.1 lbs
1707189620.79805,Reading: 6.2 lbs
1707189620.88629,Reading: 6.2 lbs
1707189620.97393,Reading: 6.1 lbs
1707189621.06266,Reading: 6.1 lbs
1707189621.14883,Reading: 6.1 lbs
1707189621.23705,Reading: 6.1 lbs
1707189621.32534,Reading: 6.1 lbs
1707189621.41313,Reading: 6.0 lbs
1707189621.49964,Reading: 5.9 lbs
1707189621.58803,Reading: 5.8 lbs
1707189621.67674,Reading: 5.8 lbs
1707189621.7647,Reading: 5.7 lbs
1707189621.85154,Reading: 5.7 lbs
1707189621.93974,Reading: 5.6 lbs
1707189622.02734,Reading: 5.6 lbs
1707189622.12711,Reading: 5.5 lbs
1707189622.20343,Reading: 5.5 lbs
1707189622.28968,Reading: 5.4 lbs
1707189622.37939,Reading: 5.4 lbs
1707189622.46652,Reading: 5.4 lbs
1707189622.55451,Reading: 5.4 lbs
1707189622.64261,Reading: 5.4 lbs
1707189622.7295,Reading: 5.3 lbs
1707189622.81722,Reading: 5.3 lbs
1707189622.90548,Reading: 5.3 lbs
1707189622.99369,Reading: 5.3 lbs
1707189623.08046,Reading: 5.2 lbs
1707189623.16795,Reading: 5.2 lbs
1707189623.2575,Reading: 5.3 lbs
1707189623.34608,Reading: 5.3 lbs
1707189623.43239,Reading: 5.3 lbs
1707189623.51947,Reading: 5.3 lbs
1707189623.6075,Reading: 5.2 lbs
1707189623.69486,Reading: 5.3 lbs
1707189623.78337,Reading: 5.3 lbs
1707189623.86966,Reading: 5.3 lbs
1707189623.95832,Reading: 5.3 lbs
1707189624.04657,Reading: 5.3 lbs
1707189624.13424,Reading: 5.4 lbs
1707189624.22273,Reading: 5.4 lbs
1707189624.30915,Reading: 5.4 lbs
1707189624.39694,Reading: 5.3 lbs
1707189624.48502,Reading: 5.3 lbs
1707189624.57367,Reading: 5.4 lbs
1707189624.66134,Reading: 5.4 lbs
1707189624.74838,Reading: 5.4 lbs
1707189624.8366,Reading: 5.3 lbs
1707189624.92358,Reading: 5.3 lbs
1707189625.01205,Reading: 5.3 lbs
1707189625.10149,Reading: 5.3 lbs
1707189625.18689,Reading: 5.3 lbs
1707189625.27512,Reading: 5.3 lbs
1707189625.36303,Reading: 5.3 lbs
1707189625.45118,Reading: 5.3 lbs
1707189625.53838,Reading: 5.4 lbs
1707189625.62582,Reading: 5.5 lbs
1707189625.71437,Reading: 5.8 lbs
1707189625.80234,Reading: 6.0 lbs
1707189625.88991,Reading: 6.0 lbs
1707189625.97738,Reading: 5.9 lbs
1707189626.06561,Reading: 5.8 lbs
1707189626.15329,Reading: 5.8 lbs
1707189626.24158,Reading: 5.7 lbs
1707189626.32778,Reading: 5.6 lbs
1707189626.41659,Reading: 5.6 lbs
1707189626.50435,Reading: 5.7 lbs
1707189626.59188,Reading: 5.7 lbs
1707189626.68045,Reading: 5.7 lbs
1707189626.76709,Reading: 5.7 lbs
1707189626.85549,Reading: 5.6 lbs
1707189626.94327,Reading: 5.6 lbs
1707189627.03136,Reading: 5.6 lbs
1707189627.11789,Reading: 5.6 lbs
1707189627.20596,Reading: 5.6 lbs
1707189627.29465,Reading: 5.6 lbs
1707189627.38217,Reading: 5.6 lbs
1707189627.47016,Reading: 5.5 lbs
1707189627.55687,Reading: 5.6 lbs
1707189627.6454,Reading: 5.6 lbs
1707189627.73351,Reading: 5.7 lbs
1707189627.82147,Reading: 5.7 lbs
1707189627.90934,Reading: 5.7 lbs
1707189627.99759,Reading: 5.8 lbs
1707189628.08451,Reading: 5.8 lbs
1707189628.17254,Reading: 5.8 lbs
1707189628.26036,Reading: 5.7 lbs
1707189628.34854,Reading: 5.8 lbs
1707189628.4348,Reading: 5.7 lbs
1707189628.52601,Reading: 5.7 lbs
1707189628.61153,Reading: 5.7 lbs
1707189628.69892,Reading: 5.7 lbs
1707189628.78709,Reading: 5.6 lbs
1707189628.87477,Reading: 5.6 lbs
1707189628.96228,Reading: 5.6 lbs
1707189629.0505,Reading: 5.6 lbs
1707189629.13856,Reading: 5.6 lbs
1707189629.22483,Reading: 5.6 lbs
1707189629.31293,Reading: 5.6 lbs
1707189629.40121,Reading: 5.6 lbs
1707189629.49166,Reading: 5.6 lbs
1707189629.5768,Reading: 5.5 lbs
1707189629.66444,Reading: 5.3 lbs
1707189629.75251,Reading: 4.9 lbs
1707189629.84014,Reading: 4.6 lbs
1707189629.9279,Reading: 4.4 lbs
1707189630.01617,Reading: 4.3 lbs
1707189630.10345,Reading: 4.3 lbs
1707189630.19107,Reading: 4.2 lbs
1707189630.27929,Reading: 4.2 lbs
1707189630.36697,Reading: 4.2 lbs
1707189630.4544,Reading: 4.2 lbs
1707189630.54271,Reading: 4.2 lbs
1707189630.63051,Reading: 4.3 lbs
1707189630.71845,Reading: 4.2 lbs
1707189630.80616,Reading: 4.2 lbs
1707189630.89371,Reading: 4.1 lbs
1707189630.98132,Reading: 4.1 lbs
1707189631.06972,Reading: 4.2 lbs
1707189631.15746,Reading: 4.3 lbs
1707189631.24575,Reading: 4.4 lbs
1707189631.33249,Reading: 4.5 lbs
1707189631.41964,Reading: 4.5 lbs
1707189631.5086,Reading: 4.2 lbs
1707189631.59618,Reading: 3.8 lbs
1707189631.68373,Reading: 3.8 lbs
1707189631.77146,Reading: 3.7 lbs
1707189631.85912,Reading: 3.7 lbs
1707189631.94726,Reading: 3.7 lbs
1707189632.03514,Reading: 3.8 lbs
1707189632.12242,Reading: 3.7 lbs
1707189632.20986,Reading: 3.9 lbs
1707189632.29869,Reading: 3.9 lbs
1707189632.38647,Reading: 3.6 lbs
1707189632.47431,Reading: 3.3 lbs
1707189632.56113,Reading: 3.2 lbs
1707189632.64866,Reading: 3.1 lbs
1707189632.73765,Reading: 3.0 lbs
1707189632.82524,Reading: 3.0 lbs
1707189632.91499,Reading: 3.1 lbs
1707189633.00032,Reading: 3.2 lbs
1707189633.08797,Reading: 3.3 lbs
1707189633.17583,Reading: 3.3 lbs
1707189633.2647,Reading: 3.3 lbs
1707189633.35237,Reading: 3.3 lbs
1707189633.43949,Reading: 3.4 lbs
1707189633.52743,Reading: 3.4 lbs
1707189633.6149,Reading: 3.4 lbs
1707189633.7036,Reading: 3.3 lbs
1707189633.79124,Reading: 3.2 lbs
1707189633.87837,Reading: 3.2 lbs
1707189633.96641,Reading: 3.3 lbs
1707189634.05372,Reading: 3.4 lbs
1707189634.14197,Reading: 3.5 lbs
1707189634.22918,Reading: 3.5 lbs
1707189634.3171,Reading: 3.5 lbs
1707189634.4054,Reading: 3.5 lbs
1707189634.49319,Reading: 3.5 lbs
1707189634.58149,Reading: 3.5 lbs
1707189634.66834,Reading: 3.5 lbs
1707189634.7566,Reading: 3.5 lbs
1707189634.84451,Reading: 3.5 lbs
1707189634.93261,Reading: 3.4 lbs
1707189635.01922,Reading: 3.2 lbs
1707189635.10741,Reading: 3.1 lbs
1707189635.19516,Reading: 3.1 lbs
1707189635.28296,Reading: 3.1 lbs
1707189635.37138,Reading: 3.1 lbs
1707189635.4584,Reading: 3.1 lbs
1707189635.54603,Reading: 3.0 lbs
1707189635.63436,Reading: 3.0 lbs
1707189635.72265,Reading: 3.1 lbs
1707189635.80884,Reading: 3.1 lbs
1707189635.89705,Reading: 3.1 lbs
1707189635.98553,Reading: 3.1 lbs
1707189636.07319,Reading: 3.1 lbs
1707189636.16169,Reading: 3.0 lbs
1707189636.24863,Reading: 3.0 lbs
1707189636.33626,Reading: 3.0 lbs
1707189636.42404,Reading: 3.1 lbs
1707189636.51209,Reading: 3.1 lbs
1707189636.59928,Reading: 3.1 lbs
1707189636.68676,Reading: 3.1 lbs
1707189636.77511,Reading: 3.1 lbs
1707189636.86309,Reading: 3.1 lbs
1707189636.95127,Reading: 3.2 lbs
1707189637.03788,Reading: 3.2 lbs
1707189637.12914,Reading: 3.2 lbs
1707189637.21462,Reading: 3.1 lbs
1707189637.30262,Reading: 3.1 lbs
